6.842198520427436037e+00,1.649598234231703486e+00,1.000000000000000000e+00
8.510055536850515523e+00,2.960147477740525002e+00,1.000000000000000000e+00
4.230512059583884543e+00,7.230651293159620963e+00,-1.000000000000000000e+00
8.161283217285165037e+00,1.032267416736843302e+01,-1.000000000000000000e+00
7.879993405168812970e+00,3.146166725415525889e+00,1.000000000000000000e+00
5.673046179247201337e+00,3.206010120477991165e+00,1.000000000000000000e+00
8.794038467491949618e+00,1.054501459991405454e+01,-1.000000000000000000e+00
2.646246037475620039e+00,7.283949212841759113e+00,-1.000000000000000000e+00
8.153461585484631513e+00,8.521182126485781438e+00,-1.000000000000000000e+00
9.134667509490256521e+00,9.233985429045857174e+00,-1.000000000000000000e+00
5.599538804142349946e+00,9.908990127291083638e+00,-1.000000000000000000e+00
9.739309487238786645e+00,2.752234162832797537e+00,1.000000000000000000e+00
2.121182548468956597e+00,8.235019155376278377e+00,-1.000000000000000000e+00
8.811930822993092605e+00,1.043974258557260981e+01,-1.000000000000000000e+00
3.973686085028596882e+00,6.377424554105415311e+00,-1.000000000000000000e+00
7.445590407635027219e+00,9.401984623454094248e+00,-1.000000000000000000e+00
7.811231147052699164e+00,1.045761659999209314e+01,-1.000000000000000000e+00
4.258938257982959108e+00,7.768546506439598431e+00,-1.000000000000000000e+00
2.790623837824973474e+00,7.418404012100069167e+00,-1.000000000000000000e+00
4.319367880997171838e+00,7.084519115892439878e+00,-1.000000000000000000e+00
6.874703821820547844e+00,3.337927831851391858e+00,1.000000000000000000e+00
3.762220501604128131e+00,7.185688981550686805e+00,-1.000000000000000000e+00
8.183354026475319287e+00,4.009591730286256706e+00,1.000000000000000000e+00
6.626204758889675972e+00,1.053047406517971396e+01,-1.000000000000000000e+00
7.052251606205746093e+00,9.778333192345309399e+00,-1.000000000000000000e+00
8.020701152227104558e+00,1.120961560992007477e+01,-1.000000000000000000e+00
5.862512569847410759e+00,9.210781179598662050e+00,-1.000000000000000000e+00
8.191053710212660377e+00,3.742285708956380574e+00,1.000000000000000000e+00
7.130074182725919307e+00,1.004179436354925770e+01,-1.000000000000000000e+00
6.765729854546703059e+00,2.843141857573420861e+00,1.000000000000000000e+00
7.828890246608130710e+00,9.957978548731666990e+00,-1.000000000000000000e+00
2.709433962587247002e+00,7.281245755350362003e+00,-1.000000000000000000e+00
4.472124664486887724e+00,6.738463525109148478e+00,-1.000000000000000000e+00
3.785229486064939586e+00,6.605482902002507650e+00,-1.000000000000000000e+00
7.937477132417302350e+00,2.044545069040734298e+00,1.000000000000000000e+00
9.379833269320187128e+00,3.577467170901446281e+00,1.000000000000000000e+00
7.599186092284210936e+00,1.632007979225958083e+00,1.000000000000000000e+00
7.910374815067037879e+00,1.037592439400119559e+01,-1.000000000000000000e+00
7.817321953454186456e+00,3.940194087890017904e+00,1.000000000000000000e+00
3.766054399707481348e+00,6.509906428766194963e+00,-1.000000000000000000e+00
2.226366592109380704e+00,6.719870643350104089e+00,-1.000000000000000000e+00
7.786421532909499454e+00,1.059323527059893877e+01,-1.000000000000000000e+00
5.847490777067347878e+00,7.302766242850956324e+00,-1.000000000000000000e+00
6.869673952098778180e+00,3.273005986867511208e+00,1.000000000000000000e+00
7.778789055370693539e+00,1.014669749392488463e+01,-1.000000000000000000e+00
4.818376325057400322e+00,5.773614487596580247e+00,-1.000000000000000000e+00
7.797497282408693664e+00,1.008067363621137424e+01,-1.000000000000000000e+00
9.509813929901351770e+00,2.661523784810595039e+00,1.000000000000000000e+00
8.275553941143504844e+00,2.935753575193848164e+00,1.000000000000000000e+00
1.069135086983918725e+01,3.213940272461142555e+00,1.000000000000000000e+00
5.537620879617490388e+00,7.126080726756761408e+00,-1.000000000000000000e+00
6.764157419636605439e+00,9.493965959841636604e+00,-1.000000000000000000e+00
5.050877102946053299e+00,7.107217181331924039e+00,-1.000000000000000000e+00
5.990766485021374876e-01,6.312656359674804207e+00,-1.000000000000000000e+00
1.619023994459370286e+00,6.112941310614085744e+00,-1.000000000000000000e+00
8.349650445869734483e+00,3.059037608346729886e+00,1.000000000000000000e+00
5.755374584551992356e+00,8.948472387055568689e+00,-1.000000000000000000e+00
4.342044358981467234e+00,5.628298607966604195e+00,-1.000000000000000000e+00
3.760536384887854577e+00,6.443362855525324839e+00,-1.000000000000000000e+00
7.005339642351731122e-01,7.173263732346416788e+00,-1.000000000000000000e+00
8.641205053348171461e+00,2.162012041505120497e+00,1.000000000000000000e+00
7.121679222873487980e+00,9.909453070306897260e+00,-1.000000000000000000e+00
2.890953013592577392e+00,7.087172825603888171e+00,-1.000000000000000000e+00
6.247889771301839090e+00,1.077267926846586654e+01,-1.000000000000000000e+00
8.263606790153644965e+00,9.666368004796245472e+00,-1.000000000000000000e+00
6.850897895998136811e+00,1.029364622186005285e+01,-1.000000000000000000e+00
8.720250938924760220e+00,3.635083649626988489e+00,1.000000000000000000e+00
6.932040366783534857e+00,9.852292877542701888e+00,-1.000000000000000000e+00
7.033376937703207155e+00,8.741515086148035962e+00,-1.000000000000000000e+00
6.518229414478168060e+00,1.001086568131304233e+01,-1.000000000000000000e+00
8.038357151443319637e+00,3.244785235763066655e+00,1.000000000000000000e+00
6.933851700868684631e+00,4.469109531697696980e+00,1.000000000000000000e+00
7.517162221598656657e+00,9.470944095069890878e+00,-1.000000000000000000e+00
6.883059719120899977e+00,8.947637070438895890e+00,-1.000000000000000000e+00
6.803066859526233578e+00,9.548069825364041918e+00,-1.000000000000000000e+00
1.605938767055013816e+00,7.193380779290102112e+00,-1.000000000000000000e+00
2.817563029388523432e+00,7.144247337571776768e+00,-1.000000000000000000e+00
7.410236095592410699e+00,3.865083563321682014e+00,1.000000000000000000e+00
1.763972151584989989e+00,7.260110497228708937e+00,-1.000000000000000000e+00
9.049266696409558719e+00,3.381989238647153506e+00,1.000000000000000000e+00
8.842852484274935421e+00,3.930616836704411199e+00,1.000000000000000000e+00
3.594698633391521625e+00,7.004479059878486069e+00,-1.000000000000000000e+00
5.036516466762833488e+00,1.126933316972378663e+01,-1.000000000000000000e+00
5.571899393867167483e+00,1.075173511815746075e+01,-1.000000000000000000e+00
7.457619483789196480e+00,9.809298941876862798e+00,-1.000000000000000000e+00
7.668135409389511992e+00,1.033545547186709257e+01,-1.000000000000000000e+00
6.238420803873053089e+00,3.440374730435342698e+00,1.000000000000000000e+00
4.402581532917132279e+00,1.099461310915058831e+01,-1.000000000000000000e+00
5.394123917128438528e+00,9.750262011042078569e+00,-1.000000000000000000e+00
9.248801580632894925e+00,2.077620768864829603e+00,1.000000000000000000e+00
8.093210615781545769e+00,2.800194636043531027e+00,1.000000000000000000e+00
1.425038857521818914e+00,7.492809361865283790e+00,-1.000000000000000000e+00
7.323948651423578760e+00,9.676400248126832082e+00,-1.000000000000000000e+00
7.076768802894447319e+00,1.833856634972487853e+00,1.000000000000000000e+00
4.766747268349730504e+00,6.786382475950600401e+00,-1.000000000000000000e+00
1.014651291407644962e+01,1.983356372083783015e+00,1.000000000000000000e+00
9.862066513107677679e+00,5.064410703093998656e+00,1.000000000000000000e+00
6.242731005045343728e+00,6.727843126982465449e+00,-1.000000000000000000e+00
1.955142864576127737e+00,6.948215209735367104e+00,-1.000000000000000000e+00
5.714973258715660975e-01,7.309766654770997185e+00,-1.000000000000000000e+00
1.054378194327388307e+01,3.793449875484080636e+00,1.000000000000000000e+00
7.656192914012074802e+00,1.027706604737903540e+01,-1.000000000000000000e+00
6.432516953128017079e+00,3.926729928351655907e+00,1.000000000000000000e+00
1.383830735755695596e+00,6.810282843316397994e+00,-1.000000000000000000e+00
7.033802166925903876e+00,1.007344176272452607e+01,-1.000000000000000000e+00
3.555075318385230609e+00,6.617113374923915714e+00,-1.000000000000000000e+00
8.590709613754661689e+00,2.101740845308431194e+00,1.000000000000000000e+00
8.033980669701787036e+00,9.580856769016358854e+00,-1.000000000000000000e+00
9.653653165467632746e+00,2.797003644908117703e+00,1.000000000000000000e+00
9.771838992584530814e+00,1.111604796553423213e+01,-1.000000000000000000e+00
5.504948800862287328e+00,6.925628422899969827e+00,-1.000000000000000000e+00
7.023830692063665282e+00,1.008460089356376166e+01,-1.000000000000000000e+00
3.469526117394132303e+00,7.772504562884029689e+00,-1.000000000000000000e+00
5.527825928637677855e+00,9.882541223425711507e+00,-1.000000000000000000e+00
8.441760460716100312e+00,3.881596992856517048e+00,1.000000000000000000e+00
5.421514344934248442e+00,6.878358795740114218e+00,-1.000000000000000000e+00
5.327081671190960321e+00,1.041613264245511417e+01,-1.000000000000000000e+00
-9.124624339307896292e-02,6.861120098635115738e+00,-1.000000000000000000e+00
6.094108027082054235e+00,9.018661226722219482e+00,-1.000000000000000000e+00
3.830405473701021357e+00,7.824823666592009452e+00,-1.000000000000000000e+00
6.814597741034857492e+00,3.096599626311756559e+00,1.000000000000000000e+00
6.816326842258882301e+00,1.165879554879927049e+01,-1.000000000000000000e+00
1.679840367753726360e+00,6.322132390522112289e+00,-1.000000000000000000e+00
5.218771150481516408e+00,7.139627453830639681e+00,-1.000000000000000000e+00
1.818644591191714399e+00,6.743845266330562360e+00,-1.000000000000000000e+00
6.106730135835007900e+00,9.854895708452469094e+00,-1.000000000000000000e+00
2.555677176901627767e+00,7.103064834954131435e+00,-1.000000000000000000e+00
1.552477494403459612e+00,7.948459868105226533e+00,-1.000000000000000000e+00
8.627661315669696407e+00,2.267380994925144222e+00,1.000000000000000000e+00
6.878414369828075969e+00,1.017528124831455116e+01,-1.000000000000000000e+00
6.998240399493042219e+00,1.033706226879244383e+01,-1.000000000000000000e+00
7.910100459287086494e+00,9.560586257879883476e+00,-1.000000000000000000e+00
5.004881208313532781e+00,7.034418282306366343e+00,-1.000000000000000000e+00
9.547476847340766071e+00,1.743909005189341554e+00,1.000000000000000000e+00
-3.963300997953838056e-01,7.242073810869340988e+00,-1.000000000000000000e+00
1.086183988141042001e+00,7.718132848248511202e+00,-1.000000000000000000e+00
1.413977377979413363e+00,7.277375721169692113e+00,-1.000000000000000000e+00
1.556084596574451862e+00,6.955341145235572675e+00,-1.000000000000000000e+00
4.065109723671451292e+00,6.718346138863807049e+00,-1.000000000000000000e+00
8.168498822876209431e+00,3.133635170459782238e+00,1.000000000000000000e+00
7.410344087193632134e+00,9.302407817918243893e+00,-1.000000000000000000e+00
1.300142726936592164e+00,6.782670281743720331e+00,-1.000000000000000000e+00
7.598715674894227057e+00,9.707997920716966433e+00,-1.000000000000000000e+00
7.807031495044689073e+00,3.327298472552434383e+00,1.000000000000000000e+00
2.093847209273561383e+00,7.977427529912757720e+00,-1.000000000000000000e+00
6.689702929358902317e+00,1.153764707198877915e+01,-1.000000000000000000e+00
1.702316215747322614e+00,7.110482012747436187e+00,-1.000000000000000000e+00
4.085539353221010472e+00,9.208734894062930110e+00,-1.000000000000000000e+00
8.164402575367757819e+00,2.772652036700213429e+00,1.000000000000000000e+00
7.808498715869361284e+00,9.428309752244128816e+00,-1.000000000000000000e+00
8.800295815247281439e+00,4.027870367921956962e+00,1.000000000000000000e+00
9.966008628951463777e+00,2.448174054616557349e+00,1.000000000000000000e+00
9.157471819778717048e+00,3.032936364622688341e+00,1.000000000000000000e+00
8.331819267856710454e+00,4.361575771080222985e+00,1.000000000000000000e+00
5.896929950201780457e+00,3.673633682267407607e+00,1.000000000000000000e+00
-5.748132673260704095e-01,7.531823594979149661e+00,-1.000000000000000000e+00
7.768537699244773442e+00,3.770681941960512873e+00,1.000000000000000000e+00
5.813683206123640979e+00,1.078891907430465302e+01,-1.000000000000000000e+00
7.718600777990847206e+00,3.642354832353953853e+00,1.000000000000000000e+00
8.776522118267870098e+00,1.001125649202458767e+01,-1.000000000000000000e+00
2.711359840579424141e+00,7.004955763288574389e+00,-1.000000000000000000e+00
6.962052934466610665e+00,3.373992541152991187e+00,1.000000000000000000e+00
7.092949146077534905e+00,9.387840097472121670e+00,-1.000000000000000000e+00
6.361889336676712858e+00,1.002379525192298004e+01,-1.000000000000000000e+00
6.322996832509817366e+00,1.043650203731150938e+01,-1.000000000000000000e+00
2.123373087531701398e+00,6.575833981711383558e+00,-1.000000000000000000e+00
8.427932625151942858e+00,9.091517724214705609e+00,-1.000000000000000000e+00
6.247614444199727224e+00,1.009735323589509370e+01,-1.000000000000000000e+00
1.043502279751925599e+01,2.180584026141149767e+00,1.000000000000000000e+00
3.801260009451612465e+00,6.853292448478605969e+00,-1.000000000000000000e+00
5.907811786416383271e+00,9.987318512356338829e+00,-1.000000000000000000e+00
8.010293506143325359e+00,1.056933348346066204e+01,-1.000000000000000000e+00
6.227053780500001245e+00,9.758077011988733673e+00,-1.000000000000000000e+00
4.066696551013153638e+00,6.669757286626532888e+00,-1.000000000000000000e+00
9.392296284344197943e+00,2.842141733548960492e+00,1.000000000000000000e+00
7.946534224810848812e+00,3.864364798608418639e+00,1.000000000000000000e+00
6.865768147174838631e+00,1.111525606418895151e+01,-1.000000000000000000e+00
2.872171412125490431e+00,6.962914132112681287e+00,-1.000000000000000000e+00
9.707707257857208560e+00,9.160240835358480993e+00,-1.000000000000000000e+00
2.401525542257822998e+00,7.046447415085814292e+00,-1.000000000000000000e+00
8.784294616454989324e+00,3.235578153105605370e+00,1.000000000000000000e+00
6.357040237622350709e+00,3.164742083588065746e+00,1.000000000000000000e+00
1.114767005352715046e+01,2.969222076634521201e+00,1.000000000000000000e+00
8.917008975756328226e+00,3.087679972934089356e+00,1.000000000000000000e+00
3.409186374155060317e+00,6.987477407612622926e+00,-1.000000000000000000e+00
7.474026465696322674e+00,9.739310631851580524e+00,-1.000000000000000000e+00
7.399422673537292106e+00,3.359322990757916738e+00,1.000000000000000000e+00
1.475788602019084461e+00,7.550616383823801847e+00,-1.000000000000000000e+00
-3.978156540801824903e-02,6.960281056588907944e+00,-1.000000000000000000e+00
-2.043944678988642849e-01,7.515518991387072134e+00,-1.000000000000000000e+00
6.130724414471028894e+00,9.525980646869310675e+00,-1.000000000000000000e+00
7.792622110713640637e+00,9.408993924333312719e+00,-1.000000000000000000e+00
7.737316649507007149e+00,2.540053147047714788e+00,1.000000000000000000e+00
6.394444112163145455e+00,9.817451969131342437e+00,-1.000000000000000000e+00
3.242193743634345093e+00,6.825571928239369868e+00,-1.000000000000000000e+00
6.073012396861594553e+00,1.094174045904495607e+01,-1.000000000000000000e+00
9.358479591182133461e+00,2.518722542582703561e+00,1.000000000000000000e+00
4.174714240252517250e+00,8.534440776272301576e+00,-1.000000000000000000e+00
7.304366853737745302e+00,1.032041257245353982e+01,-1.000000000000000000e+00
2.599635967948370485e+00,7.223918062137289375e+00,-1.000000000000000000e+00
7.814341918158448586e+00,2.767263644155149471e+00,1.000000000000000000e+00
8.125773558123036366e+00,3.326332091858316353e+00,1.000000000000000000e+00
7.641572209321225273e+00,1.026269042575081336e+01,-1.000000000000000000e+00
7.680793378111074432e+00,9.155029724197349950e+00,-1.000000000000000000e+00
7.379852692026131145e+00,9.752635542374660460e+00,-1.000000000000000000e+00
8.757354844661634274e+00,2.899581168465135139e+00,1.000000000000000000e+00
3.801840302144552375e+00,1.638592362939029989e+00,1.000000000000000000e+00
7.471402589015825768e+00,1.071753298402773069e+01,-1.000000000000000000e+00
5.615692609063691165e+00,7.023917215923561663e+00,-1.000000000000000000e+00
7.946892695772944215e+00,1.174256121767397865e+01,-1.000000000000000000e+00
5.887555235365626416e+00,9.967203454857761713e+00,-1.000000000000000000e+00
9.470802348027634210e+00,3.644563050536624882e+00,1.000000000000000000e+00
2.527688815614109075e+00,7.253391726038845633e+00,-1.000000000000000000e+00
8.553289241908920815e+00,3.655284959882612039e+00,1.000000000000000000e+00
4.858504537315472049e+00,6.940671696632015220e+00,-1.000000000000000000e+00
6.899433729527220116e+00,1.008177195939235915e+01,-1.000000000000000000e+00
6.198969515108236905e+00,9.661167251924229760e+00,-1.000000000000000000e+00
7.780880950341631852e+00,9.504023000653253561e+00,-1.000000000000000000e+00
2.522643771709141447e+00,7.675291927860532937e+00,-1.000000000000000000e+00
7.378750395938319606e+00,3.236284666970371759e+00,1.000000000000000000e+00
4.353371442128102231e+00,5.949425491980921521e+00,-1.000000000000000000e+00
6.010975810272670472e+00,9.283053383058321728e+00,-1.000000000000000000e+00
3.108977016440220176e+00,7.879205966933441552e+00,-1.000000000000000000e+00
7.504890478388356989e+00,3.142952814697535846e+00,1.000000000000000000e+00
8.883238984772578561e+00,2.155883065101425800e+00,1.000000000000000000e+00
7.367747350510009952e+00,2.262329965882418747e+00,1.000000000000000000e+00
7.796472362271072321e+00,3.165788752376935022e+00,1.000000000000000000e+00
7.005626180904251932e+00,9.572011731248462496e+00,-1.000000000000000000e+00
4.240555551319693528e+00,5.797384254375696599e+00,-1.000000000000000000e+00
7.530740341185667930e+00,3.101790161733080975e+00,1.000000000000000000e+00
6.577592212870131405e+00,1.050522902290955329e+01,-1.000000000000000000e+00
4.568458680622565105e+00,9.244101753143898037e+00,-1.000000000000000000e+00
8.075823571022541003e+00,9.897404811670632796e+00,-1.000000000000000000e+00
2.648076811621903115e+00,7.379787304861462616e+00,-1.000000000000000000e+00
9.005814412100209054e+00,1.432114339933834968e+00,1.000000000000000000e+00
4.125907845648645100e+00,6.825457184524354126e+00,-1.000000000000000000e+00
6.667514920095104713e+00,3.660894762174375927e+00,1.000000000000000000e+00
1.758990022723989632e+00,7.384788570881661407e+00,-1.000000000000000000e+00
6.615108378151901114e+00,9.678588123206891325e+00,-1.000000000000000000e+00
7.527930435047175628e+00,3.043365809917220055e+00,1.000000000000000000e+00
5.927867327565438771e+00,1.014198762675978749e+01,-1.000000000000000000e+00
3.852147216338336122e+00,7.131085563249076387e+00,-1.000000000000000000e+00
6.092850485303297425e+00,1.030066149506888706e+01,-1.000000000000000000e+00
8.186212040912749899e+00,8.826579533446736292e+00,-1.000000000000000000e+00
6.258067727432260696e+00,9.747073135919704256e+00,-1.000000000000000000e+00
4.082133638649192875e+00,6.667086331758512507e+00,-1.000000000000000000e+00
8.262614802162197236e+00,2.894606820988066875e+00,1.000000000000000000e+00
7.367375431467602098e+00,9.380631926214965333e+00,-1.000000000000000000e+00
6.821509445829963880e+00,1.100366862189634887e+01,-1.000000000000000000e+00
9.697355674254207969e+00,1.037549575705144811e+01,-1.000000000000000000e+00
1.403698346870287939e+00,6.335699220389788167e+00,-1.000000000000000000e+00
9.631005621641495651e+00,1.057255614941950839e+01,-1.000000000000000000e+00
8.051789218263774472e+00,2.918267055545495037e+00,1.000000000000000000e+00
7.278179111148743274e+00,2.911792671124013410e+00,1.000000000000000000e+00
8.980273266062244630e+00,2.636032097812622155e+00,1.000000000000000000e+00
4.987643748633697527e+00,1.020550972899044773e+01,-1.000000000000000000e+00
6.269347174114692223e-01,7.329256096606681758e+00,-1.000000000000000000e+00
8.852333380487580783e+00,4.062351353335668769e+00,1.000000000000000000e+00
6.718049903680601176e+00,2.961031190045565697e+00,1.000000000000000000e+00
1.553113268490018406e+00,6.939290172550038882e+00,-1.000000000000000000e+00
5.319080102129433385e+00,3.211686180316832839e+00,1.000000000000000000e+00
3.685260503492618245e+00,7.074503245538815044e+00,-1.000000000000000000e+00
6.064507410673765087e+00,3.476198832904751068e+00,1.000000000000000000e+00
1.010602854657919281e+01,3.006475557502583218e+00,1.000000000000000000e+00
7.390631453320603228e+00,2.660474664794093336e+00,1.000000000000000000e+00
2.043439058621490112e+00,6.192629350187180748e+00,-1.000000000000000000e+00
8.432433515388780165e+00,3.175235493698360667e+00,1.000000000000000000e+00
1.915390918725329739e+00,7.678770469503609419e+00,-1.000000000000000000e+00
6.220945161781323840e+00,1.024950145193387741e+01,-1.000000000000000000e+00
2.194602326877056253e+00,6.165560517129068607e+00,-1.000000000000000000e+00
1.072448214472289330e+00,7.534348796833485018e+00,-1.000000000000000000e+00
3.765996185257747264e+00,6.899474550290928043e+00,-1.000000000000000000e+00
7.666791240233732374e+00,1.013186835021674881e+01,-1.000000000000000000e+00
7.387874196093502377e-01,6.145175687613611437e+00,-1.000000000000000000e+00
2.520299729569118075e+00,7.950183396211555120e+00,-1.000000000000000000e+00
4.449209155883437461e+00,9.326960119178293596e+00,-1.000000000000000000e+00
7.303639875511869661e+00,2.934799148715034889e+00,1.000000000000000000e+00
8.869314734272562006e+00,1.079114156287474557e+01,-1.000000000000000000e+00
3.135367277822155962e+00,5.824376157401474963e+00,-1.000000000000000000e+00
4.713586510526683426e+00,7.789543303241262429e+00,-1.000000000000000000e+00
6.163278970424336478e+00,6.950979286067308749e+00,-1.000000000000000000e+00
6.971147882910769589e+00,3.672688014043458793e+00,1.000000000000000000e+00
2.732999033404310829e+00,6.076258050851132353e+00,-1.000000000000000000e+00
9.660484541113897095e+00,2.369833931993426290e+00,1.000000000000000000e+00
6.551267852198846775e+00,9.780154040363813195e+00,-1.000000000000000000e+00
2.561189312179787070e+00,7.487317461608959945e+00,-1.000000000000000000e+00
6.576502732871376544e+00,3.118034983315264963e+00,1.000000000000000000e+00
1.108672894282807242e+00,6.032781163173721595e+00,-1.000000000000000000e+00
7.420079307448094852e+00,3.095263755066851807e+00,1.000000000000000000e+00
7.958978711284535379e+00,3.620742908535677707e+00,1.000000000000000000e+00
8.212718883115838864e+00,3.175586383784441136e+00,1.000000000000000000e+00
6.071271709538850203e+00,9.324085255743064238e+00,-1.000000000000000000e+00
1.798007606339244058e+00,7.356277706798183047e+00,-1.000000000000000000e+00
7.433728654171487094e+00,2.163546364978541803e+00,1.000000000000000000e+00
6.369567170089732500e+00,1.117152445421107565e+01,-1.000000000000000000e+00
4.530250961474680871e+00,6.623105293291179585e+00,-1.000000000000000000e+00
7.238090278825423773e+00,9.368123770704935183e+00,-1.000000000000000000e+00
7.899404736915203173e+00,1.532877881278384535e+00,1.000000000000000000e+00
6.570077328958801033e+00,9.629981716460186192e+00,-1.000000000000000000e+00
8.469706031144939473e+00,2.960038088210155127e+00,1.000000000000000000e+00
8.137385667016218349e+00,3.399969314248671548e+00,1.000000000000000000e+00
2.847420832345715525e+00,6.698454326752788290e+00,-1.000000000000000000e+00
6.926761259342331556e+00,9.592386235868806565e+00,-1.000000000000000000e+00
8.572053386126215813e+00,9.192118714789598855e-01,1.000000000000000000e+00
2.726262780282053821e+00,6.425260063108305886e+00,-1.000000000000000000e+00
2.326431708971372636e+00,6.371857189753947992e+00,-1.000000000000000000e+00
8.460191309787713720e+00,1.091033004674678786e+01,-1.000000000000000000e+00
7.326948048659737367e+00,1.323033072422106216e+00,1.000000000000000000e+00
6.532639194226326218e-01,7.734341666402947624e+00,-1.000000000000000000e+00
8.629887845860114481e+00,3.468000820353806191e+00,1.000000000000000000e+00
4.710684017934186230e+00,6.418562056542862493e+00,-1.000000000000000000e+00
6.514404767720089140e+00,8.799520489730179307e+00,-1.000000000000000000e+00
7.906724983712034138e+00,3.993646827596765370e+00,1.000000000000000000e+00
7.278929858881559412e+00,3.636792762257865519e+00,1.000000000000000000e+00
8.138714481495489039e+00,3.186445290774722494e+00,1.000000000000000000e+00
9.122730304943566182e+00,3.959031571185361198e+00,1.000000000000000000e+00
6.433210095659380734e+00,9.689163796456728761e+00,-1.000000000000000000e+00
1.726288910097534934e+00,7.886437607360541335e+00,-1.000000000000000000e+00
6.614447478322587948e+00,1.090009361137774846e+01,-1.000000000000000000e+00
6.482083444911515002e+00,2.946836257176897345e+00,1.000000000000000000e+00
7.379694213482638432e+00,2.561027816586195716e+00,1.000000000000000000e+00
2.927078011696938820e+00,7.286955308875364246e+00,-1.000000000000000000e+00
6.887964294536903509e+00,3.449382727178173624e+00,1.000000000000000000e+00
3.123668895029833248e+00,6.477051915315343855e+00,-1.000000000000000000e+00
7.074378889699818984e+00,1.964007654795068669e+00,1.000000000000000000e+00
8.925450980493989661e+00,3.199068806491665917e+00,1.000000000000000000e+00
9.901658631947753975e+00,2.425514415617188391e+00,1.000000000000000000e+00
6.379530234159808799e+00,4.243120783212775748e+00,1.000000000000000000e+00
7.285151630180091153e+00,2.991966772033983535e+00,1.000000000000000000e+00
6.943063405391544762e+00,3.254804550007351693e+00,1.000000000000000000e+00
6.982222442521233141e+00,9.594955994238377528e+00,-1.000000000000000000e+00
5.344353770675388304e+00,1.026226472586335170e+01,-1.000000000000000000e+00
6.339596798561548674e+00,9.419443826138632403e+00,-1.000000000000000000e+00
9.059854148610389402e+00,9.570655662444307765e+00,-1.000000000000000000e+00
8.046875603480781791e+00,9.650316990052338895e+00,-1.000000000000000000e+00
9.075988443453365306e+00,3.679188623519521695e+00,1.000000000000000000e+00
1.006804303503250253e+01,3.473706570259771809e+00,1.000000000000000000e+00
2.686323463630747810e+00,7.442802140433352420e+00,-1.000000000000000000e+00
2.738779448191372090e+00,7.693296941713044568e+00,-1.000000000000000000e+00
1.010067801674166788e+01,3.480570365564289670e+00,1.000000000000000000e+00
5.865338086222541492e+00,9.748045913038293264e+00,-1.000000000000000000e+00
3.801967559461333579e+00,7.384872310789484473e+00,-1.000000000000000000e+00
7.328058148761476431e+00,1.123856984596182329e+01,-1.000000000000000000e+00
7.730660921562477306e+00,9.717270751034023490e+00,-1.000000000000000000e+00
4.513860470948531045e+00,9.400127015694883070e+00,-1.000000000000000000e+00
9.145522937839427158e+00,3.510376204077259921e+00,1.000000000000000000e+00
8.780106717689726281e+00,2.576457349939588415e+00,1.000000000000000000e+00
8.551458108042814033e+00,1.021451614664347929e+01,-1.000000000000000000e+00
7.931290826551086859e+00,9.966340666444608587e+00,-1.000000000000000000e+00
1.825419575922831106e+00,7.625722532711409762e+00,-1.000000000000000000e+00
3.262430987843546681e+00,7.378307039967220149e+00,-1.000000000000000000e+00
2.748753459946782662e+00,7.295194421935697449e+00,-1.000000000000000000e+00
6.149815328010602933e+00,2.722202771559644408e+00,1.000000000000000000e+00
9.885219354015749360e+00,9.016129710681909160e+00,-1.000000000000000000e+00
3.611169551500414965e+00,6.006008026158951019e+00,-1.000000000000000000e+00
5.471933264700752808e+00,1.026239816540210370e+01,-1.000000000000000000e+00
7.727476683001794022e+00,1.010006445315389101e+01,-1.000000000000000000e+00
3.273424335415889175e+00,7.228277637824973567e+00,-1.000000000000000000e+00
4.622746529425989515e+00,1.021357414823195775e+01,-1.000000000000000000e+00
8.083969795574548201e+00,1.050339019470978918e+01,-1.000000000000000000e+00
6.366410257234251802e+00,3.460568366808443930e+00,1.000000000000000000e+00
1.443013264634801729e+00,6.510899932356497999e+00,-1.000000000000000000e+00
9.062098759974746898e+00,2.920433887828093322e+00,1.000000000000000000e+00
7.439238496265606848e+00,2.271346776050358951e+00,1.000000000000000000e+00
1.351833179337845303e+00,7.421531303701250692e+00,-1.000000000000000000e+00
1.017545015179134893e+01,3.388979281785088560e+00,1.000000000000000000e+00
6.160726621944972337e+00,3.281955011897033092e+00,1.000000000000000000e+00
6.533658956066888734e+00,2.151925444601510140e+00,1.000000000000000000e+00
2.630852467158452779e+00,7.364983254295334625e+00,-1.000000000000000000e+00
8.092163483797857992e+00,3.544439613324187111e+00,1.000000000000000000e+00
6.971557098863628177e+00,1.083560649414757648e+01,-1.000000000000000000e+00
8.190526665483099933e+00,8.924376403569683092e+00,-1.000000000000000000e+00
6.731365604568209982e+00,3.410474609152224001e+00,1.000000000000000000e+00
8.113142929517692892e+00,9.720792522092391863e+00,-1.000000000000000000e+00
7.441433180645955936e+00,4.507735483711523550e+00,1.000000000000000000e+00
4.760621082890256872e+00,6.625769511358254427e+00,-1.000000000000000000e+00
2.121615744886169441e+00,6.740529716569509056e+00,-1.000000000000000000e+00
1.166720017910903273e+01,3.392889690222833821e+00,1.000000000000000000e+00
7.176502525206446492e+00,9.941749582742945179e+00,-1.000000000000000000e+00
8.910010652670489861e+00,3.105004417599082078e+00,1.000000000000000000e+00
8.860242470383536073e+00,1.004692344817712524e+01,-1.000000000000000000e+00
1.022011245787335154e+00,6.994798421905190189e+00,-1.000000000000000000e+00
6.490189230606869586e+00,9.536690784329838522e+00,-1.000000000000000000e+00
2.010167498452355872e+00,6.955236175622289352e+00,-1.000000000000000000e+00
9.183700910473559631e+00,2.948704016549333673e+00,1.000000000000000000e+00
3.429620182259892402e+00,7.742542537740166431e+00,-1.000000000000000000e+00
6.486526632953179217e+00,6.622920601040723554e+00,-1.000000000000000000e+00
7.715834860332899225e+00,3.716554556706711754e+00,1.000000000000000000e+00
6.721389462755790412e+00,9.381395017670730141e+00,-1.000000000000000000e+00
6.888875642466843807e+00,1.158319772785511503e+01,-1.000000000000000000e+00
8.082158597377143039e+00,2.739829627782245147e+00,1.000000000000000000e+00
8.756227253474847316e+00,1.049276884249953845e+01,-1.000000000000000000e+00
4.507755373841722424e+00,6.542978846784025748e+00,-1.000000000000000000e+00
4.476192337613538186e+00,9.093004611558866301e+00,-1.000000000000000000e+00
2.852016550306957221e+00,7.408096144569228159e+00,-1.000000000000000000e+00
9.789483867914659854e+00,1.999352469846983560e+00,1.000000000000000000e+00
1.538506108583703957e+00,7.044124498854802852e+00,-1.000000000000000000e+00
6.786539969378429404e+00,9.946544925958777483e+00,-1.000000000000000000e+00
6.954214318718727306e+00,3.075275488475831764e+00,1.000000000000000000e+00
3.615506504160517665e+00,5.659675481468605440e+00,-1.000000000000000000e+00
6.222239190879401249e+00,3.191939117995383324e+00,1.000000000000000000e+00
4.131936693698867735e+00,7.066468906024381269e+00,-1.000000000000000000e+00
1.783486889435304201e+00,6.139660102528712748e+00,-1.000000000000000000e+00
8.147597568367048737e+00,3.385704626554278285e+00,1.000000000000000000e+00
3.657338202677027361e+00,6.937032274563834200e+00,-1.000000000000000000e+00
9.949470159876021569e+00,2.214708554774712290e+00,1.000000000000000000e+00
6.550657886436324517e+00,6.873938786969541859e+00,-1.000000000000000000e+00
8.756176086675393933e+00,4.154470319747843199e+00,1.000000000000000000e+00
2.796031729867165083e+00,6.753416462359541406e+00,-1.000000000000000000e+00
8.277581304591009825e+00,2.163126264656803244e+00,1.000000000000000000e+00
4.501165044332903875e+00,9.875547501517647930e+00,-1.000000000000000000e+00
3.601793360558654733e+00,7.076442963138709352e+00,-1.000000000000000000e+00
3.027406789696382106e+00,7.127110438075763277e+00,-1.000000000000000000e+00
1.208619611391538617e+00,7.065770869856205394e+00,-1.000000000000000000e+00
5.619004252846371728e+00,9.146327743763135842e+00,-1.000000000000000000e+00
1.125010149261708037e+01,2.801818083256288894e+00,1.000000000000000000e+00
2.400484043279341062e+00,7.866054861107763863e+00,-1.000000000000000000e+00
8.441555359402011405e+00,2.911620829243468211e+00,1.000000000000000000e+00
8.408181967522336819e+00,1.150388495102643738e+01,-1.000000000000000000e+00
1.928411518718699424e+00,7.330554840097162739e+00,-1.000000000000000000e+00
9.255321547269135252e+00,1.035960194174994697e+01,-1.000000000000000000e+00
3.379107465235057894e+00,6.953491286544908334e+00,-1.000000000000000000e+00
9.525581327541656762e+00,2.691228236215603697e+00,1.000000000000000000e+00
1.442729824979199771e+00,7.504444880304420806e+00,-1.000000000000000000e+00
3.708427737484507603e+00,5.878870762212144996e+00,-1.000000000000000000e+00
6.639090587364403717e+00,9.400498685708017277e+00,-1.000000000000000000e+00
7.189093608006669633e+00,1.024870212443919293e+01,-1.000000000000000000e+00
2.355873114534813961e+00,6.372773195986092709e+00,-1.000000000000000000e+00
2.506098535265353089e+00,6.803945591531218362e+00,-1.000000000000000000e+00
3.584372537874882969e+00,5.938634528349251873e+00,-1.000000000000000000e+00
4.018484591630418379e+00,6.909935230258162697e+00,-1.000000000000000000e+00
3.641487488332131761e+00,7.634711444300450900e+00,-1.000000000000000000e+00
6.676404721417768862e+00,2.118095780427949215e+00,1.000000000000000000e+00
9.113901272992990243e+00,1.365378145178083535e+00,1.000000000000000000e+00
5.767340021465378719e+00,9.724437238243286430e+00,-1.000000000000000000e+00
9.513148994546810400e+00,4.886357571188094440e+00,1.000000000000000000e+00
8.307565473757453134e+00,1.058127719205298689e+01,-1.000000000000000000e+00
8.108042605326437169e+00,2.222895986597249518e+00,1.000000000000000000e+00
4.316534824450990016e+00,6.864927578571593081e+00,-1.000000000000000000e+00
3.997421107733385437e+00,7.043680060021044298e+00,-1.000000000000000000e+00
3.350270901803291679e+00,8.095678126731886692e+00,-1.000000000000000000e+00
3.091113202754004696e+00,7.461881128193277313e+00,-1.000000000000000000e+00
5.932042405890860515e-01,7.015642269673943332e+00,-1.000000000000000000e+00
7.483691611519777354e+00,3.050756822463873252e+00,1.000000000000000000e+00
5.656018617731344733e+00,7.409277425507712067e+00,-1.000000000000000000e+00
6.169965869153317684e+00,1.011934234257958565e+01,-1.000000000000000000e+00
6.235181074658681766e+00,1.059677517651732259e+01,-1.000000000000000000e+00
9.153202578595271532e+00,3.532794964252830461e+00,1.000000000000000000e+00
3.171965148319286776e+00,6.716902582315581682e+00,-1.000000000000000000e+00
7.098078214337401270e+00,1.016283709712549843e+01,-1.000000000000000000e+00
1.001570173910708483e+01,3.455344781453073111e+00,1.000000000000000000e+00
7.597638588122817893e+00,2.604311490244900718e+00,1.000000000000000000e+00
3.873878556835608222e+00,8.148021454344304360e+00,-1.000000000000000000e+00
6.177556982759409010e+00,3.329475765076425731e+00,1.000000000000000000e+00
7.129710025920613425e+00,4.322737172939278949e+00,1.000000000000000000e+00
6.152173300293648950e+00,9.285876175565501711e+00,-1.000000000000000000e+00
7.307294644203643053e+00,9.761630074291407055e+00,-1.000000000000000000e+00
1.040003521635132344e+01,2.067153942761260410e+00,1.000000000000000000e+00
2.111032617797497846e+00,7.886940274599144374e+00,-1.000000000000000000e+00
4.814785384822661385e+00,5.710235859499518618e+00,-1.000000000000000000e+00
7.068829716655320894e+00,9.462775491932132965e+00,-1.000000000000000000e+00
6.608786880655118878e+00,5.943217651714804539e+00,-1.000000000000000000e+00
7.149002814893565372e+00,9.601141975029241493e+00,-1.000000000000000000e+00
8.786072302302457615e+00,2.648362183010172455e+00,1.000000000000000000e+00
5.247282664820499321e+00,1.033281038626572013e+01,-1.000000000000000000e+00
8.151700275335123536e+00,9.675345630366507521e+00,-1.000000000000000000e+00
1.085572245317000473e+01,3.189943475697007091e+00,1.000000000000000000e+00
1.808733354523887726e+00,7.313253823079350013e+00,-1.000000000000000000e+00
8.497007278685719811e+00,9.503354099393026999e+00,-1.000000000000000000e+00
7.906646987610997712e+00,3.027117813366632770e+00,1.000000000000000000e+00
6.018959247142182001e+00,9.089623383140430946e+00,-1.000000000000000000e+00
8.118436707362732818e+00,1.015189408894734235e+01,-1.000000000000000000e+00
6.654086469409799420e+00,3.293448578945260330e+00,1.000000000000000000e+00
4.713323776763258977e+00,6.408788483704218386e+00,-1.000000000000000000e+00
7.835124331922574292e+00,9.223667933350528259e+00,-1.000000000000000000e+00
3.319877921957460121e+00,6.766137456156394947e+00,-1.000000000000000000e+00
1.903332335697533795e+00,6.929449809195216581e+00,-1.000000000000000000e+00
4.296749687563337083e+00,6.721654220544753144e+00,-1.000000000000000000e+00
9.061715942843095561e+00,2.469711248274593540e+00,1.000000000000000000e+00
6.784497822705775505e+00,1.148628593896227912e+01,-1.000000000000000000e+00
5.184350766712762848e+00,6.546056577632294093e+00,-1.000000000000000000e+00
5.445003073968118557e+00,1.078348861436882267e+01,-1.000000000000000000e+00
5.703218743483810194e+00,1.098092730294423447e+01,-1.000000000000000000e+00
1.797475596183882196e+00,6.143199931947761705e+00,-1.000000000000000000e+00
1.068078966747352032e+00,6.898717597118427136e+00,-1.000000000000000000e+00
7.667625580957375675e+00,3.658194544236695211e+00,1.000000000000000000e+00
8.329162831652407561e+00,2.313508482001890521e+00,1.000000000000000000e+00
7.180630306688135178e+00,4.107587034207416998e+00,1.000000000000000000e+00
6.616958434564642388e+00,1.067308245264347377e+01,-1.000000000000000000e+00
5.199538110480052211e+00,1.056168570543641216e+01,-1.000000000000000000e+00
4.240486049790259671e+00,9.906497841712248231e+00,-1.000000000000000000e+00
6.992933495338617966e+00,1.007980885625287826e+01,-1.000000000000000000e+00
2.762182776566023623e+00,5.909668505426392215e+00,-1.000000000000000000e+00
8.826439516986141598e+00,2.446541071015512880e+00,1.000000000000000000e+00
4.124224200244908545e+00,6.765809458866286263e+00,-1.000000000000000000e+00
3.736838662931240673e+00,7.754973292638737803e+00,-1.000000000000000000e+00
7.207068510570102227e+00,1.095977116711651966e+01,-1.000000000000000000e+00
7.172302729378029262e+00,1.589395892530297338e+00,1.000000000000000000e+00
6.245855765386788327e+00,1.096227608967067191e+01,-1.000000000000000000e+00
5.051358371609425468e+00,7.505274632337984642e+00,-1.000000000000000000e+00
7.021634473344805727e+00,9.221697568426897362e+00,-1.000000000000000000e+00
5.438713178325982334e-01,6.409923931942792308e+00,-1.000000000000000000e+00
3.048862800320615296e+00,7.852232872293260613e+00,-1.000000000000000000e+00
7.181698690462908985e+00,9.516443531904251074e+00,-1.000000000000000000e+00
4.981142580544966947e+00,2.562266262887993751e+00,1.000000000000000000e+00
8.876758592227364630e+00,2.205405994028828864e+00,1.000000000000000000e+00
7.864844759049959499e+00,4.065456702369583120e+00,1.000000000000000000e+00
1.247822393174562450e-01,7.062337723184118232e+00,-1.000000000000000000e+00
7.648735995006815003e+00,1.067149130747012364e+01,-1.000000000000000000e+00
6.696554615058301074e+00,8.569715437419461068e+00,-1.000000000000000000e+00
7.161872852592159333e+00,9.970829969247926527e+00,-1.000000000000000000e+00
9.403562647891327231e+00,3.263183334976683447e+00,1.000000000000000000e+00
2.790983104269238790e+00,7.200505915084603359e+00,-1.000000000000000000e+00
2.137484350637949504e+00,7.568014865248695600e+00,-1.000000000000000000e+00
8.352211295742291597e+00,1.081699860463714558e+01,-1.000000000000000000e+00
-7.785617542792793166e-01,7.176511214667411487e+00,-1.000000000000000000e+00
-5.340330636645242990e-01,7.500588881331723634e+00,-1.000000000000000000e+00
8.332205966297612676e+00,4.380655200269716332e+00,1.000000000000000000e+00
2.748174561660753135e+00,7.395957777617190310e+00,-1.000000000000000000e+00
7.075071864404834265e+00,1.137797459637918251e+01,-1.000000000000000000e+00
9.183250738622977138e+00,9.725816726821136626e+00,-1.000000000000000000e+00
5.786853838802970884e+00,1.090086778361978048e+01,-1.000000000000000000e+00
9.640535416587696638e-01,7.385449586778137565e+00,-1.000000000000000000e+00
8.126673105245007633e+00,9.532815757971960124e+00,-1.000000000000000000e+00
6.119120753494763143e+00,1.008054151641695206e+01,-1.000000000000000000e+00
6.965222716863880059e+00,1.135544141943670482e+01,-1.000000000000000000e+00
6.933275584891660515e+00,1.150995188903218924e+01,-1.000000000000000000e+00
2.480516184504347965e+00,6.717668341371686225e+00,-1.000000000000000000e+00
3.601088360729193472e+00,6.973504532026889358e+00,-1.000000000000000000e+00
5.032455755658362229e+00,7.009801034153122501e+00,-1.000000000000000000e+00
6.716399703500117724e+00,1.062410106761526585e+01,-1.000000000000000000e+00
5.149899917727594811e+00,1.025528954504673251e+01,-1.000000000000000000e+00
9.719791752144473662e+00,3.136475071944869075e+00,1.000000000000000000e+00
5.965495308707736477e+00,9.668850965399158781e+00,-1.000000000000000000e+00
7.272163979443259763e+00,2.713335712759282980e+00,1.000000000000000000e+00
8.957962537055722763e+00,3.375083705160412784e+00,1.000000000000000000e+00
7.946015585856902597e+00,2.495051066304028176e+00,1.000000000000000000e+00
7.087104711081080310e+00,2.094064010291107447e+00,1.000000000000000000e+00
8.656106782667940536e+00,3.182131516762461754e+00,1.000000000000000000e+00
8.387939934294680100e+00,3.199515264718438612e+00,1.000000000000000000e+00
8.784233926265983428e+00,2.204184985853171241e+00,1.000000000000000000e+00
7.500882735708398030e+00,9.229466800536016535e+00,-1.000000000000000000e+00
3.988432388879705304e+00,6.728082771442202237e+00,-1.000000000000000000e+00
2.026542743352934384e+00,6.068511921585101554e+00,-1.000000000000000000e+00
8.169848391520345032e+00,2.736977475132595927e+00,1.000000000000000000e+00
5.620856985030146191e+00,1.089664751933299947e+01,-1.000000000000000000e+00
1.024718336401011065e+00,7.663353963129556412e+00,-1.000000000000000000e+00
5.864857214912156280e+00,1.040081395653764140e+01,-1.000000000000000000e+00
2.713577594763493472e+00,7.226698085995908905e+00,-1.000000000000000000e+00
2.884607202884184041e-01,6.266034530193575591e+00,-1.000000000000000000e+00
5.810751184433189387e+00,9.913065067756308579e+00,-1.000000000000000000e+00
3.751120889603882791e+00,6.717868456239056485e+00,-1.000000000000000000e+00
8.744121958277180084e+00,1.951611776182876179e+00,1.000000000000000000e+00
6.294874481227268781e+00,9.886425951860413619e+00,-1.000000000000000000e+00
9.276271180268633287e+00,2.671475578054288036e+00,1.000000000000000000e+00
5.987806531607721361e+00,2.661829082918707901e+00,1.000000000000000000e+00
6.019251697722562078e+00,9.302339606550527051e+00,-1.000000000000000000e+00
1.828209662487925602e+00,7.088610267436864731e+00,-1.000000000000000000e+00
3.568691186604982413e+00,7.763039789177455852e+00,-1.000000000000000000e+00
1.144792066470650127e+00,6.212140267276426542e+00,-1.000000000000000000e+00
2.939312823021104748e+00,7.186208325343570458e+00,-1.000000000000000000e+00
8.285296036559358868e+00,3.089359374341912989e+00,1.000000000000000000e+00
6.248340031458218036e+00,1.009807188074585582e+01,-1.000000000000000000e+00
7.137455073418347951e+00,9.407165875991296389e+00,-1.000000000000000000e+00
3.774587161288299075e+00,6.112824298550785684e+00,-1.000000000000000000e+00
8.504402424381646952e+00,8.753840140824943106e+00,-1.000000000000000000e+00
6.171805773016691532e+00,1.163456763797288573e+01,-1.000000000000000000e+00
2.691162202735984721e+00,7.059140073207793797e+00,-1.000000000000000000e+00
3.291020503268824449e+00,6.828626758483206771e+00,-1.000000000000000000e+00
3.435906890271637426e+00,8.464851444465006480e+00,-1.000000000000000000e+00
5.551991128508514173e+00,1.041728033996165870e+01,-1.000000000000000000e+00
6.201830430105705005e+00,1.095336991378727909e+01,-1.000000000000000000e+00
7.918739687530746529e+00,1.180966401351044937e+01,-1.000000000000000000e+00
5.556460894048363741e+00,3.503019585194897978e+00,1.000000000000000000e+00
7.398311689068743036e+00,3.350948208726097111e+00,1.000000000000000000e+00
5.453735760986705650e+00,9.507792758537242150e+00,-1.000000000000000000e+00
7.293192468485138136e+00,2.726927045377083303e+00,1.000000000000000000e+00
8.231512387564810851e+00,3.379532865026193988e+00,1.000000000000000000e+00
5.057351792186684847e+00,1.115017982987755829e+01,-1.000000000000000000e+00
7.426287303754016023e+00,9.856371104664063409e+00,-1.000000000000000000e+00
7.850611305766554970e+00,2.422407331045015155e+00,1.000000000000000000e+00
7.536462407487658055e+00,1.180698860568942976e+01,-1.000000000000000000e+00
3.231406296120237442e+00,7.784424201037484892e+00,-1.000000000000000000e+00
1.015441016786150996e+01,3.569218044141157620e+00,1.000000000000000000e+00
8.999890896631775661e+00,2.362014812448905765e+00,1.000000000000000000e+00
-1.074796003578896375e+00,7.248402948032595106e+00,-1.000000000000000000e+00
8.993031790002461889e+00,1.025573837803541721e+01,-1.000000000000000000e+00
7.702550495572994649e+00,3.285835472582698813e+00,1.000000000000000000e+00
8.812512275324916544e+00,1.020341159611989390e+01,-1.000000000000000000e+00
8.016352575011756798e+00,1.057560072851567057e+01,-1.000000000000000000e+00
3.310430887638488251e+00,6.633700475257020557e+00,-1.000000000000000000e+00
9.518426408674439898e+00,2.497795575292799608e+00,1.000000000000000000e+00
3.797583080401000455e+00,8.214039942104109926e+00,-1.000000000000000000e+00
2.224185288216435463e+00,5.976188166469528440e+00,-1.000000000000000000e+00
3.943404587535043415e+00,7.211978628444378536e+00,-1.000000000000000000e+00
3.607951088735956713e+00,6.615166888719406835e+00,-1.000000000000000000e+00
8.599782846790720470e+00,3.331170733432655240e+00,1.000000000000000000e+00
9.154779852225191306e+00,1.099744404640581052e+01,-1.000000000000000000e+00
7.557866793181417187e+00,8.562125893415311495e+00,-1.000000000000000000e+00
1.002023601500082073e+01,2.594436591593624719e+00,1.000000000000000000e+00
3.901347277890579779e+00,6.637180149304899857e+00,-1.000000000000000000e+00
4.169997921116095796e+00,7.542761157609601419e+00,-1.000000000000000000e+00
3.966397207484133158e+00,6.678288221653139622e+00,-1.000000000000000000e+00
3.647898422061237156e+00,6.507814079782225036e+00,-1.000000000000000000e+00
6.513203994433148125e+00,3.267448100096951080e+00,1.000000000000000000e+00
4.910989660872410845e+00,7.266651845360315498e+00,-1.000000000000000000e+00
3.722835645966149354e+00,7.085075682809752529e+00,-1.000000000000000000e+00
2.984062668650258932e+00,6.734773949651088998e+00,-1.000000000000000000e+00
4.272576909439913528e+00,7.003782034184006910e+00,-1.000000000000000000e+00
6.233780168869653693e+00,8.662944953819529559e+00,-1.000000000000000000e+00
6.270110756197597723e+00,9.933290834558246019e+00,-1.000000000000000000e+00
8.229703635509041604e+00,1.104878517856970443e+00,1.000000000000000000e+00
6.677104487047031967e-01,7.518446720912764114e+00,-1.000000000000000000e+00
8.479282317896563725e+00,2.313446055665402845e+00,1.000000000000000000e+00
7.209840995094107363e+00,1.123222856471001840e+01,-1.000000000000000000e+00
3.604397124289664411e+00,7.648061277354017307e+00,-1.000000000000000000e+00
6.660443476688245212e+00,9.809056549329611130e+00,-1.000000000000000000e+00
4.814542375923732465e+00,2.941480099093486178e+00,1.000000000000000000e+00
7.416835886820130064e+00,1.789561187594929770e+00,1.000000000000000000e+00
1.325253758383005076e+00,6.101227921748487049e+00,-1.000000000000000000e+00
1.778402503567321213e+00,8.109230833610462597e+00,-1.000000000000000000e+00
5.733799480786377245e+00,2.513133816626149653e+00,1.000000000000000000e+00
7.291551419156538039e+00,3.463758234296234306e+00,1.000000000000000000e+00
2.450869667546605957e+00,7.428139925897861318e+00,-1.000000000000000000e+00
8.780833039764152304e+00,3.626333346602201857e+00,1.000000000000000000e+00
4.126438336705416710e+00,7.172961806124675377e+00,-1.000000000000000000e+00
3.224184711817530413e+00,7.376589093899739602e+00,-1.000000000000000000e+00
8.037454102715546611e+00,9.910797613355173397e+00,-1.000000000000000000e+00
4.437535216906546509e+00,5.737194566512133775e+00,-1.000000000000000000e+00
6.506293294807504957e+00,9.655716167320081311e+00,-1.000000000000000000e+00
5.410064059624228427e+00,7.719106518381912529e+00,-1.000000000000000000e+00
6.265626258432897444e+00,1.090796426804835306e+01,-1.000000000000000000e+00
1.027832899298627822e+01,3.780227478225429039e+00,1.000000000000000000e+00
2.028067472533955584e+00,7.273253638152520573e+00,-1.000000000000000000e+00
5.360987648037855990e-01,6.859829264506109858e+00,-1.000000000000000000e+00
6.596684699151232678e+00,9.941321166977722612e+00,-1.000000000000000000e+00
4.666539341601688484e+00,7.405823751385541165e+00,-1.000000000000000000e+00
8.957019408295806784e+00,3.480068789700094811e+00,1.000000000000000000e+00
7.559806124021066331e+00,3.307076063377251351e+00,1.000000000000000000e+00
9.385163575899300170e+00,1.589589059495153167e+00,1.000000000000000000e+00
7.354760679235433862e+00,2.778978159425085526e+00,1.000000000000000000e+00
4.517770899244625937e+00,6.389288601116602351e+00,-1.000000000000000000e+00
6.487635888794004657e+00,9.400591637645201004e+00,-1.000000000000000000e+00
1.426699719376867348e+00,7.356904275212896138e+00,-1.000000000000000000e+00
3.216478304701492430e+00,6.151446672851171193e+00,-1.000000000000000000e+00
7.696165297673003280e+00,3.480406214131413822e+00,1.000000000000000000e+00
5.618687514215423562e+00,9.666958404786536008e+00,-1.000000000000000000e+00
8.709388889539876999e+00,1.028013796216762543e+01,-1.000000000000000000e+00
7.687252578868493558e+00,1.001938824271324968e+01,-1.000000000000000000e+00
3.362606669027068396e+00,7.076793868959722289e+00,-1.000000000000000000e+00
3.474803868447740030e+00,6.918230513781251645e+00,-1.000000000000000000e+00
7.038320703923878874e+00,1.019750218267890496e+01,-1.000000000000000000e+00
6.871874368815190870e+00,1.098022088257300855e+00,1.000000000000000000e+00
7.321310080289244127e+00,2.698627433634079864e+00,1.000000000000000000e+00
2.662246483062749025e+00,7.349440099721562092e+00,-1.000000000000000000e+00
5.067855319005561299e+00,3.090728319371678801e+00,1.000000000000000000e+00
7.300064041245974522e+00,1.029958556012039494e+01,-1.000000000000000000e+00
1.021204976026726641e+01,2.756333709618075112e+00,1.000000000000000000e+00
2.634903962459111959e+00,6.627154167259534212e+00,-1.000000000000000000e+00
6.312482815975775097e+00,1.050345431959122600e+01,-1.000000000000000000e+00
9.455463428882524113e+00,2.740250606677220535e+00,1.000000000000000000e+00
3.524550612856500287e+00,6.161622205504001748e+00,-1.000000000000000000e+00
8.420859257524330843e+00,8.829089769139894628e+00,-1.000000000000000000e+00
7.476286103798261529e+00,1.036674832044562145e+01,-1.000000000000000000e+00
6.912123336569387710e+00,2.971793006720433006e+00,1.000000000000000000e+00
7.501155747212330027e+00,1.134534900359317433e+01,-1.000000000000000000e+00
6.794773102861874747e+00,9.310764825770869280e+00,-1.000000000000000000e+00
7.563646165385618403e+00,1.022636860411289739e+01,-1.000000000000000000e+00
3.675452504476651061e+00,6.405151791792313531e+00,-1.000000000000000000e+00
7.831963822199003999e+00,1.136465099014786650e+00,1.000000000000000000e+00
7.141445736333073668e+00,1.107719984011811931e+01,-1.000000000000000000e+00
6.855414704595908404e+00,1.120269304685918144e+01,-1.000000000000000000e+00
7.152834497338287356e+00,1.070511449493341338e+01,-1.000000000000000000e+00
5.597230829930845530e+00,9.339764681204606234e+00,-1.000000000000000000e+00
2.396638934271972055e+00,6.273551325204370421e+00,-1.000000000000000000e+00
1.829741310688753675e+00,6.418719756089228845e+00,-1.000000000000000000e+00
7.105182556740369471e+00,1.005139409407523488e+01,-1.000000000000000000e+00
7.585501210011824647e+00,1.164297410497017538e+01,-1.000000000000000000e+00
8.048965252088557065e+00,3.261912890587812086e+00,1.000000000000000000e+00
9.255025185584248248e+00,2.177468269027940551e+00,1.000000000000000000e+00
8.412188341271880532e+00,2.597149699096662712e+00,1.000000000000000000e+00
5.848850781076702532e+00,9.774225965725037213e+00,-1.000000000000000000e+00
7.103043522454506764e+00,9.678778017005196688e+00,-1.000000000000000000e+00
3.243037648795199068e+00,6.585215328169715221e+00,-1.000000000000000000e+00
2.869128256239477537e+00,6.559412987141058693e+00,-1.000000000000000000e+00
4.982519972176056022e+00,9.901389424598981748e+00,-1.000000000000000000e+00
3.565109875266100126e+00,6.455032422792351454e+00,-1.000000000000000000e+00
9.576574683287544687e+00,1.309418873770366698e+00,1.000000000000000000e+00
5.873605974378426353e+00,9.906787992016807820e+00,-1.000000000000000000e+00
5.558258438017531944e+00,9.871327733766065649e+00,-1.000000000000000000e+00
2.096204493959731519e+00,6.778737780499946908e+00,-1.000000000000000000e+00
7.478967790448884045e+00,3.509420836176324165e+00,1.000000000000000000e+00
8.499196749189945166e+00,2.883900709072579449e+00,1.000000000000000000e+00
2.975763351650451138e+00,7.157612795695871277e+00,-1.000000000000000000e+00
8.006387899503073058e+00,4.998732057585620225e+00,1.000000000000000000e+00
6.103480091651143802e+00,1.086327596617882030e+01,-1.000000000000000000e+00
6.801370781179660874e+00,9.460402140621484435e+00,-1.000000000000000000e+00
6.702400861613784677e+00,2.126432661594118922e+00,1.000000000000000000e+00
9.226494751483893531e-01,7.491431220082574782e+00,-1.000000000000000000e+00
6.712967110324715492e+00,3.591533737770121082e+00,1.000000000000000000e+00
-4.205760206679762803e-01,8.448356956103816984e+00,-1.000000000000000000e+00
8.083874152633075738e+00,1.112712532697746681e+01,-1.000000000000000000e+00
7.863032564769304678e+00,2.944362516174092725e+00,1.000000000000000000e+00
3.862486837645437543e+00,6.191304610981934076e+00,-1.000000000000000000e+00
4.619707722002326378e+00,6.700353271350673268e+00,-1.000000000000000000e+00
5.868145486082171125e+00,9.940855984141972357e+00,-1.000000000000000000e+00
7.605489869972788419e+00,1.082063806720367438e+01,-1.000000000000000000e+00
6.759177021562688736e+00,9.223059262367799604e+00,-1.000000000000000000e+00
7.439885820330839117e+00,2.558168093963776091e+00,1.000000000000000000e+00
7.909895647013534870e+00,8.729564007828775729e+00,-1.000000000000000000e+00
7.571726526947661462e+00,2.730799267515619633e+00,1.000000000000000000e+00
4.872063022600232607e+00,5.583873801281946214e+00,-1.000000000000000000e+00
3.791040378245118969e+00,7.204828186911057308e+00,-1.000000000000000000e+00
1.792047639571354045e+00,6.765962283390443588e+00,-1.000000000000000000e+00
9.285311939860960706e+00,2.579481241979114436e+00,1.000000000000000000e+00
2.746760798652021940e+00,6.658096775461936012e+00,-1.000000000000000000e+00
6.609125890678095416e+00,9.864391101384866190e+00,-1.000000000000000000e+00
7.447115575278736799e+00,9.762147226053762950e+00,-1.000000000000000000e+00
3.035456495475554739e+00,7.086124098982104158e+00,-1.000000000000000000e+00
9.206497827649990029e+00,3.738889022912541105e+00,1.000000000000000000e+00
8.471445410275114440e+00,2.363049144238087429e+00,1.000000000000000000e+00
5.464662249040233455e+00,9.043668705630427240e+00,-1.000000000000000000e+00
6.669969039700930580e+00,2.427099995554508283e+00,1.000000000000000000e+00
2.067293438731552691e+00,6.381602693587359987e+00,-1.000000000000000000e+00
7.232778915732493097e+00,9.259433619984926978e+00,-1.000000000000000000e+00
8.259751431640646402e+00,1.052732378956638826e+01,-1.000000000000000000e+00
6.663253006227002118e+00,2.906522460956319165e+00,1.000000000000000000e+00
5.946910587123546144e+00,1.117588107104534956e+01,-1.000000000000000000e+00
1.627232315345801483e+00,6.219708979051335795e+00,-1.000000000000000000e+00
8.597691514771074850e+00,2.478446209727064531e+00,1.000000000000000000e+00
7.752132846272067113e+00,3.129813362965020662e+00,1.000000000000000000e+00
7.227129582700487553e+00,3.432607765958939794e+00,1.000000000000000000e+00
4.116502048724189677e+00,6.974123867033986457e+00,-1.000000000000000000e+00
8.193235904407524473e+00,1.137930216070473222e+01,-1.000000000000000000e+00
3.364357755378379444e+00,6.563151247407166267e+00,-1.000000000000000000e+00
8.832281656178560425e+00,3.496629945108213899e+00,1.000000000000000000e+00
8.241200450873865435e+00,3.159187165697772137e+00,1.000000000000000000e+00
8.983251896080018284e+00,3.112980233806909691e+00,1.000000000000000000e+00
2.079539174794400758e+00,7.489661323829656325e+00,-1.000000000000000000e+00
8.364535928833118916e+00,3.185466669256540317e+00,1.000000000000000000e+00
1.453983180119456264e+00,7.201365059038642435e+00,-1.000000000000000000e+00
6.417881529641651817e+00,9.133426644959715901e+00,-1.000000000000000000e+00
7.464026600438240067e+00,3.769774241255165581e+00,1.000000000000000000e+00
7.909373999116738219e+00,2.741486010182846655e+00,1.000000000000000000e+00
7.152647050199842482e+00,4.539243228720938994e+00,1.000000000000000000e+00
2.690505612319791684e+00,7.354703121417865752e+00,-1.000000000000000000e+00
7.564991962567468420e+00,1.960607323431615256e+00,1.000000000000000000e+00
7.044909757247163284e+00,4.005379311077695625e+00,1.000000000000000000e+00
3.022041733689848630e+00,7.557459869823668797e+00,-1.000000000000000000e+00
8.835298498547789592e+00,1.133056556665195913e+01,-1.000000000000000000e+00
7.519507469249978371e+00,9.953427880161830998e+00,-1.000000000000000000e+00
6.052848584628426565e+00,3.596692645704991698e+00,1.000000000000000000e+00
7.094140827479015421e+00,1.801870875068136701e+00,1.000000000000000000e+00
1.605826149228365418e+00,6.975748654591468423e+00,-1.000000000000000000e+00
9.370597633358583423e+00,3.419358717080274612e+00,1.000000000000000000e+00
5.948608034624252028e+00,8.767708011215090025e+00,-1.000000000000000000e+00
5.206992340632657701e+00,1.037495165249618978e+01,-1.000000000000000000e+00
5.556407070167304951e+00,6.616055640949032757e+00,-1.000000000000000000e+00
8.405376108479226005e+00,9.679692370299729731e+00,-1.000000000000000000e+00
9.026186993612482112e+00,2.911570492949801636e+00,1.000000000000000000e+00
2.203585032771272267e+00,7.216433184838352055e+00,-1.000000000000000000e+00
2.062004767578328845e+00,6.814907149242950268e+00,-1.000000000000000000e+00
1.580278154046891759e+00,6.385838454510064821e+00,-1.000000000000000000e+00
6.718939734549495668e+00,8.962692088091358755e+00,-1.000000000000000000e+00
1.349047906157587962e+00,5.719605782944995553e+00,-1.000000000000000000e+00
9.580963385582597525e+00,2.428780407067241409e+00,1.000000000000000000e+00
5.277145983559389464e+00,7.826473289014378665e+00,-1.000000000000000000e+00
6.243691930748891394e+00,8.076128262831101523e-01,1.000000000000000000e+00
8.911982763955508702e+00,4.120907798996494620e+00,1.000000000000000000e+00
8.337365405559843623e+00,8.691995204623772509e+00,-1.000000000000000000e+00
3.483170936026954934e+00,7.762241470220551776e+00,-1.000000000000000000e+00
7.634496219255920479e+00,8.544420131043095168e+00,-1.000000000000000000e+00
3.881662179459226536e+00,7.395024261217717054e+00,-1.000000000000000000e+00
9.364693222748282864e+00,2.788906571913132737e+00,1.000000000000000000e+00
3.653495759751444805e+00,7.405665413006968123e+00,-1.000000000000000000e+00
3.540464064735987737e+00,6.578779559700737245e+00,-1.000000000000000000e+00
8.257906512882057015e+00,1.006711847701114237e+01,-1.000000000000000000e+00
5.083580247911520189e+00,8.229782496116884616e+00,-1.000000000000000000e+00
9.178304988427601785e+00,3.547401136843219671e+00,1.000000000000000000e+00
8.663293431042603743e+00,8.779205099108841281e+00,-1.000000000000000000e+00
1.484280741617616917e+00,6.515293018683554038e+00,-1.000000000000000000e+00
9.868537553444378219e+00,1.003880952846235175e+01,-1.000000000000000000e+00
3.513933586820068733e+00,7.099337681025001956e+00,-1.000000000000000000e+00
7.716060057288644636e+00,3.764895407634920588e+00,1.000000000000000000e+00
5.441438219859225711e+00,6.821707480083763819e+00,-1.000000000000000000e+00
7.953739179235133960e+00,2.849020616664046823e+00,1.000000000000000000e+00
6.818541119249990068e+00,2.242382435446277356e+00,1.000000000000000000e+00
7.942122785365018700e+00,2.481345567246606709e+00,1.000000000000000000e+00
6.794402686549589454e+00,1.069002858572418901e+01,-1.000000000000000000e+00
8.703540948319020032e+00,3.408811261955786431e+00,1.000000000000000000e+00
3.012643582723173008e+00,7.333249002595099597e+00,-1.000000000000000000e+00
8.012569927212810583e+00,2.646798475742797141e+00,1.000000000000000000e+00
9.623391037053572461e+00,1.098807011494694308e+01,-1.000000000000000000e+00
6.660408648369053886e+00,8.799302743244066249e+00,-1.000000000000000000e+00
9.017910332002980311e+00,2.385967632809522954e+00,1.000000000000000000e+00
8.815482724472174070e+00,2.374496954695970441e+00,1.000000000000000000e+00
8.573755151486414761e+00,1.031731113244023668e+01,-1.000000000000000000e+00
7.428060280370623936e+00,4.620123697285091424e+00,1.000000000000000000e+00
3.118137844914130596e+00,6.374897649411098932e+00,-1.000000000000000000e+00
4.978641976034170469e+00,1.064422327544426672e+01,-1.000000000000000000e+00
8.767013230499616228e+00,3.529769755024155575e+00,1.000000000000000000e+00
1.733021641776167243e+00,6.207476160873157234e+00,-1.000000000000000000e+00
6.814895614075981101e+00,9.715277520667331856e+00,-1.000000000000000000e+00
8.845071072241717403e+00,2.992090541440435736e+00,1.000000000000000000e+00
6.470894841831643873e+00,1.204855807271523638e+01,-1.000000000000000000e+00
5.802613621906085761e+00,8.323185211678856277e+00,-1.000000000000000000e+00
1.063027588885817210e+01,2.073519766941302134e+00,1.000000000000000000e+00
8.012476555365301678e+00,9.441624934219982279e+00,-1.000000000000000000e+00
4.140158447176939482e+00,7.062431717976331846e+00,-1.000000000000000000e+00
7.308157371836887961e+00,9.915140974859946610e+00,-1.000000000000000000e+00
1.135993441926717651e+01,3.004859137820440562e+00,1.000000000000000000e+00
8.893121215148573455e+00,1.029365348172591332e+01,-1.000000000000000000e+00
9.198027964521585886e+00,3.130725845106570926e+00,1.000000000000000000e+00
7.550505738737610884e+00,3.092616500590316786e+00,1.000000000000000000e+00
5.530575619351610683e+00,9.974597205727654625e+00,-1.000000000000000000e+00
7.096418800906978852e+00,1.014591233091104883e+01,-1.000000000000000000e+00
7.396670451686426340e+00,1.021048710100531309e+01,-1.000000000000000000e+00
2.989105674067272123e+00,7.242005123846887216e+00,-1.000000000000000000e+00
6.700053250742444177e+00,9.919126971957767935e+00,-1.000000000000000000e+00
4.038820300336366742e+00,6.930750919223204853e+00,-1.000000000000000000e+00
2.849897702462342863e+00,5.949705237807959790e+00,-1.000000000000000000e+00
8.778471409426677141e+00,3.089986231913881998e+00,1.000000000000000000e+00
4.630682509762522159e+00,9.393908484456057195e+00,-1.000000000000000000e+00
1.001868227341613782e+01,9.690773608308720810e+00,-1.000000000000000000e+00
7.230253151162393088e+00,1.658288957076402559e+00,1.000000000000000000e+00
8.638195076184365107e+00,2.822380952689766076e+00,1.000000000000000000e+00
9.230571941767252042e+00,2.797144316222169191e+00,1.000000000000000000e+00
7.264694011942768981e+00,1.029882239570553892e+01,-1.000000000000000000e+00
2.837050408848409422e+00,6.765714356751530545e+00,-1.000000000000000000e+00
8.188469129347836883e+00,9.292645794652406366e+00,-1.000000000000000000e+00
6.567706124833098791e+00,2.778336429459503432e+00,1.000000000000000000e+00
2.995891490835324689e+00,6.621964985777999857e+00,-1.000000000000000000e+00
3.097846048261933660e+00,6.013361206214637988e+00,-1.000000000000000000e+00
8.303544868242399346e+00,1.023353559577389404e+01,-1.000000000000000000e+00
6.913675116166336565e+00,9.422061356008908817e+00,-1.000000000000000000e+00
8.409518984712597955e+00,3.529812460890294545e+00,1.000000000000000000e+00
9.174923336805447249e+00,2.030665471738920314e+00,1.000000000000000000e+00
1.346375850242098160e+00,7.350130154845740726e+00,-1.000000000000000000e+00
8.440522413547169478e+00,1.032047518606657377e+01,-1.000000000000000000e+00
8.508079365467473565e+00,3.837525423695741456e+00,1.000000000000000000e+00
6.516129473376061298e+00,2.068715291302425818e+00,1.000000000000000000e+00
2.046948708348083290e+00,7.556152350738290835e+00,-1.000000000000000000e+00
2.771339463453165397e+00,8.580845682060509461e+00,-1.000000000000000000e+00
7.134694986443113507e+00,1.041061724615115658e+01,-1.000000000000000000e+00
1.558096485823444288e+00,6.787711163122952307e+00,-1.000000000000000000e+00
7.772183157756986205e+00,3.601867529040802651e+00,1.000000000000000000e+00
3.363382286852893976e+00,6.597046493592085170e+00,-1.000000000000000000e+00
7.774011273811339606e+00,3.255562300624010863e+00,1.000000000000000000e+00
6.792505892562055614e+00,3.148269383499870511e+00,1.000000000000000000e+00
5.567016178454130326e+00,9.476522832716872458e+00,-1.000000000000000000e+00
8.826074050289081541e+00,2.350813719269343238e+00,1.000000000000000000e+00
6.183599554545712529e+00,3.250395450174460521e+00,1.000000000000000000e+00
6.798141504279006320e+00,1.075345446590821474e+01,-1.000000000000000000e+00
6.219833998339661996e+00,2.946062518575716549e+00,1.000000000000000000e+00
1.033493174724483765e+01,2.023570520868865241e+00,1.000000000000000000e+00
3.617079118693058870e+00,7.623642906182532819e+00,-1.000000000000000000e+00
2.656962223964568715e+00,7.094931711567441290e+00,-1.000000000000000000e+00
8.834095383331572293e+00,3.949186708165141724e+00,1.000000000000000000e+00
5.871453798752384046e-01,7.500682073698812680e+00,-1.000000000000000000e+00
8.552608869530299529e+00,2.233729163434971188e+00,1.000000000000000000e+00
1.852201790901141676e+00,6.626022169512242321e+00,-1.000000000000000000e+00
7.174021750336253334e+00,8.829794247189175493e+00,-1.000000000000000000e+00
7.980981000947481085e+00,3.469187571858959984e+00,1.000000000000000000e+00
3.238979904906375662e+00,6.403186252327891737e+00,-1.000000000000000000e+00
7.909736639997127838e+00,3.129385879797458525e+00,1.000000000000000000e+00
8.042028080709355820e+00,3.240321097567899322e+00,1.000000000000000000e+00
7.786388767842206349e+00,3.715685660100003673e+00,1.000000000000000000e+00
8.401325336521425768e+00,4.906655068530332287e+00,1.000000000000000000e+00
3.830970907409552595e+00,6.546136437814930709e+00,-1.000000000000000000e+00
7.457560439202857161e+00,2.865161358750249132e+00,1.000000000000000000e+00
8.580473389527654149e+00,2.660492943602089433e+00,1.000000000000000000e+00
1.098690399157115394e+01,1.030236968677517062e+01,-1.000000000000000000e+00
1.075204534577472559e+00,7.761922371864482528e+00,-1.000000000000000000e+00
8.668690257231524754e+00,2.997660954701767189e+00,1.000000000000000000e+00
5.227904729256504623e+00,1.079087820602624070e+01,-1.000000000000000000e+00
7.122467419246826026e+00,9.644758074831484507e+00,-1.000000000000000000e+00
3.512003507544851022e+00,6.419386002725415707e+00,-1.000000000000000000e+00
8.358064627393737567e+00,9.650623667188007460e+00,-1.000000000000000000e+00
7.181507436461457061e+00,1.008465112412789999e+01,-1.000000000000000000e+00
7.788066000667399180e+00,2.352246032402811160e+00,1.000000000000000000e+00
9.194494564877679466e+00,3.362665432040800262e+00,1.000000000000000000e+00
7.427195414112903293e+00,3.538044995649246793e+00,1.000000000000000000e+00
8.584471208411882159e+00,1.055199839279800145e+01,-1.000000000000000000e+00
1.372184525844190484e+00,7.123616819668689537e+00,-1.000000000000000000e+00
2.957485165671093430e+00,6.669792305470165772e+00,-1.000000000000000000e+00
7.050084714520283846e+00,1.028961934380375887e+01,-1.000000000000000000e+00
7.970976453801016604e+00,1.535763894229508875e+00,1.000000000000000000e+00
5.990031090672753855e+00,9.041782396729438176e+00,-1.000000000000000000e+00
5.236582108500552835e+00,6.859883434935183821e+00,-1.000000000000000000e+00
5.652874356344838702e+00,6.605914350557223536e+00,-1.000000000000000000e+00
7.629830015103439500e+00,9.416104373965143992e+00,-1.000000000000000000e+00
2.973581571133044221e+00,7.020065098639140189e+00,-1.000000000000000000e+00
9.857842732775630168e+00,1.014533202082711583e+01,-1.000000000000000000e+00
8.128416951016632197e+00,2.212936074764633609e+00,1.000000000000000000e+00
2.927336809158116004e+00,6.081582112693665110e+00,-1.000000000000000000e+00
1.028693838576315578e+01,9.925265466941626258e+00,-1.000000000000000000e+00
5.172522740657472085e+00,6.515317403398310780e+00,-1.000000000000000000e+00
1.013699449361520877e+01,2.597909924905609014e+00,1.000000000000000000e+00
6.433896212208047416e+00,2.575663120664959838e+00,1.000000000000000000e+00
2.984174490323006079e+00,6.977812578813922251e+00,-1.000000000000000000e+00
